ID,url
1275,http://igineair.local/unternehmen/news/vdi-6022-betreiber-rlt-anlagen/
1274,http://igineair.local/unternehmen/news/vdi-2047-2-bimschv-verdunstungskuehlanlagen/
1273,http://igineair.local/unternehmen/news/rlt-anlagen-reinigen-kosten-risiken/
1272,http://igineair.local/unternehmen/news/luftkanalreinigung-wann-notwendig-vorteile/
1271,http://igineair.local/unternehmen/news/hygieneinspektion-vdi-6022-ablauf-maengel/
1261,http://igineair.local/unternehmen/zertifizierungen/
1254,http://igineair.local/unternehmen/umweltschutz/
1253,http://igineair.local/unternehmen/sicherheit/
1252,http://igineair.local/unternehmen/qualitaet/
1251,http://igineair.local/unternehmen/news/
1250,http://igineair.local/unternehmen/nachhaltigkeit/
1249,http://igineair.local/unternehmen/agb/
1224,http://igineair.local/kontakt/angebot-anfordern/
1167,http://igineair.local/unternehmen/
1158,http://igineair.local/kontakt/
1152,http://igineair.local/
1134,http://igineair.local/kunden/referenzen/saarland/saarbrucken/
1133,http://igineair.local/kunden/referenzen/saarland/merzig/
1132,http://igineair.local/kunden/referenzen/saarland/homburg/
1131,http://igineair.local/kunden/referenzen/rheinland-pfalz/wittlich/
1130,http://igineair.local/kunden/referenzen/rheinland-pfalz/trier/
1129,http://igineair.local/kunden/referenzen/rheinland-pfalz/mainz/
1128,http://igineair.local/kunden/referenzen/rheinland-pfalz/ludwigshafen/
1127,http://igineair.local/kunden/referenzen/rheinland-pfalz/koblenz/
1126,http://igineair.local/kunden/referenzen/rheinland-pfalz/kaiserslautern/
1125,http://igineair.local/kunden/referenzen/rheinland-pfalz/bitburg/
1124,http://igineair.local/kunden/referenzen/region-bodensee/tuttlingen/
1123,http://igineair.local/kunden/referenzen/region-bodensee/singen/
1122,http://igineair.local/kunden/referenzen/region-bodensee/sigmaringen/
1121,http://igineair.local/kunden/referenzen/region-bodensee/ravensburg/
1120,http://igineair.local/kunden/referenzen/region-bodensee/memmingen/
1119,http://igineair.local/kunden/referenzen/region-bodensee/friedrichshafen/
1118,http://igineair.local/kunden/referenzen/region-bodensee/biberach-an-der-riss/
1117,http://igineair.local/kunden/referenzen/nrw/wuppertal/
1116,http://igineair.local/kunden/referenzen/nrw/koeln/
1115,http://igineair.local/kunden/referenzen/nrw/duisburg/
1114,http://igineair.local/kunden/referenzen/nrw/duesseldorf/
1113,http://igineair.local/kunden/referenzen/nrw/bonn/
1112,http://igineair.local/kunden/referenzen/hessen/wiesbaden/
1111,http://igineair.local/kunden/referenzen/hessen/kassel/
1110,http://igineair.local/kunden/referenzen/hessen/giessen/
1109,http://igineair.local/kunden/referenzen/hessen/frankfurt/
1108,http://igineair.local/kunden/referenzen/hessen/darmstadt/
1107,http://igineair.local/kunden/referenzen/hamburg/stade/
1106,http://igineair.local/kunden/referenzen/hamburg/norderstedt/
1105,http://igineair.local/kunden/referenzen/hamburg/neumuenster/
1104,http://igineair.local/kunden/referenzen/hamburg/munster/
1103,http://igineair.local/kunden/referenzen/hamburg/lueneburg/
1102,http://igineair.local/kunden/referenzen/hamburg/luebeck/
1101,http://igineair.local/kunden/referenzen/hamburg/kiel/
1100,http://igineair.local/kunden/referenzen/hamburg/flensburg/
1099,http://igineair.local/kunden/referenzen/hamburg/elmshorn/
1098,http://igineair.local/kunden/referenzen/hamburg/buxtehude/
1097,http://igineair.local/kunden/referenzen/hamburg/bremen/
1096,http://igineair.local/kunden/referenzen/berlin/potsdam/
1095,http://igineair.local/kunden/referenzen/berlin/oranienburg/
1094,http://igineair.local/kunden/referenzen/berlin/frankfurt-oder/
1093,http://igineair.local/kunden/referenzen/berlin/falkensee/
1092,http://igineair.local/kunden/referenzen/berlin/eberswalde/
1091,http://igineair.local/kunden/referenzen/berlin/cottbus/
1090,http://igineair.local/kunden/referenzen/berlin/brandenburg/
1089,http://igineair.local/kunden/referenzen/berlin/brandenburg-havel/
1088,http://igineair.local/kunden/referenzen/berlin/bernau/
1087,http://igineair.local/kunden/referenzen/bayern/regensburg/
1086,http://igineair.local/kunden/referenzen/bayern/nurnberg/
1085,http://igineair.local/kunden/referenzen/bayern/munchen/
1084,http://igineair.local/kunden/referenzen/bayern/ingolstadt/
1083,http://igineair.local/kunden/referenzen/bayern/augsburg/
1082,http://igineair.local/kunden/referenzen/baden-wuerttemberg/ulm/
1081,http://igineair.local/kunden/referenzen/baden-wuerttemberg/stuttgart/
1080,http://igineair.local/kunden/referenzen/baden-wuerttemberg/mannheim/
1079,http://igineair.local/kunden/referenzen/baden-wuerttemberg/konstanz/
1078,http://igineair.local/kunden/referenzen/baden-wuerttemberg/karlsruhe/
1077,http://igineair.local/kunden/referenzen/baden-wuerttemberg/heidelberg/
1076,http://igineair.local/kunden/referenzen/baden-wuerttemberg/freiburg/
1075,http://igineair.local/kunden/referenzen/saarland/
1074,http://igineair.local/kunden/referenzen/rheinland-pfalz/
1073,http://igineair.local/kunden/referenzen/region-bodensee/
1072,http://igineair.local/kunden/referenzen/nrw/
1071,http://igineair.local/kunden/referenzen/hessen/
1070,http://igineair.local/kunden/referenzen/hamburg/
1069,http://igineair.local/kunden/referenzen/berlin/
1068,http://igineair.local/kunden/referenzen/bayern/
1067,http://igineair.local/kunden/referenzen/baden-wuerttemberg/
1066,http://igineair.local/normen/vdi-6022/
1065,http://igineair.local/normen/vdi-2052-bgr-111/
1064,http://igineair.local/normen/vdi-2047/
1063,http://igineair.local/normen/din-en-15780/
1062,http://igineair.local/normen/din-en-14175/
1061,http://igineair.local/leistungen/verdunstungskuehlanlage-vdi-2047-42-bimschv/
1059,http://igineair.local/leistungen/vdi-6022-pruefbericht-musterbericht/
1058,http://igineair.local/leistungen/rlt-sanierung-korrosion-2k-epoxy/
1057,http://igineair.local/leistungen/rlt-reinigung-industrie/
1056,http://igineair.local/leistungen/reinigung-desinfektion/
1055,http://igineair.local/leistungen/partikelmessung-reinraum-iso-14644/
1054,http://igineair.local/leistungen/luftkeimmessung-rlt-anlagen/
1052,http://igineair.local/leistungen/lueftungsreinigung-krankenhaus-klinik/
1051,http://igineair.local/leistungen/kuehlturm-sanierung-fuellkoerper-duesen/
1049,http://igineair.local/leistungen/kuehlturm-entkalkung-biofilm/
1048,http://igineair.local/leistungen/instandsetzung-sanierung/
1047,http://igineair.local/leistungen/inspektionundgutachten/
1046,http://igineair.local/leistungen/dehs-leckpruefung-op-raum/
1044,http://igineair.local/kunden/referenzen/
1043,http://igineair.local/kunden/pharma/
1042,http://igineair.local/kunden/lebensmittel/
1041,http://igineair.local/kunden/gesundheit/
1040,http://igineair.local/kunden/gemeinden/
1039,http://igineair.local/kunden/gastronomie/
1038,http://igineair.local/jobs/teamleiter-hygienereinigung-gesucht/
1037,http://igineair.local/jobs/mitarbeiter-technische-reinigung-gesucht/
1036,http://igineair.local/glossar/whg-zertifizierung/
1035,http://igineair.local/glossar/vorschriften-laborabzuege/
1034,http://igineair.local/glossar/verdunstungskuehlanlagen/
1033,http://igineair.local/glossar/verdampfer-und-kondensatoren/
1032,http://igineair.local/glossar/vdi-6022-richtlinienreihe/
1031,http://igineair.local/glossar/vdi-2052-bgr-111/
1030,http://igineair.local/glossar/vdi-2047-2/
1029,http://igineair.local/glossar/umluftkuehlgeraet/
1028,http://igineair.local/glossar/textilschlaeuche/
1027,http://igineair.local/glossar/splitklimageraet/
1026,http://igineair.local/glossar/rlt-anlagen/
1025,http://igineair.local/glossar/reinraum/
1024,http://igineair.local/glossar/reinigung-rechenzentrum/
1023,http://igineair.local/glossar/rechenzentrum/
1022,http://igineair.local/glossar/prozessabluftsystem/
1021,http://igineair.local/glossar/op-raum/
1020,http://igineair.local/glossar/luftkanalreinigung/
1019,http://igineair.local/glossar/lecktest-schwebstofffilter/
1018,http://igineair.local/glossar/kuehlregale/
1017,http://igineair.local/glossar/iso-90012015-zertifizierung/
1016,http://igineair.local/glossar/iso-14644-norm/
1015,http://igineair.local/glossar/iso-140012015-zertifizierung/
1014,http://igineair.local/glossar/inspektionspflicht-geg-2020/
1013,http://igineair.local/glossar/hygienetechnische-reinigung/
1012,http://igineair.local/glossar/hygieneinspektion-nach-vdi-6022/
1011,http://igineair.local/glossar/gefaehrdungsbeurteilung-von-rlt-anlagen/
1010,http://igineair.local/glossar/gefaehrdungsbeurteilung-vdi-2047-2/
1009,http://igineair.local/glossar/gebaeudeenergiegesetz-geg-2020/
1008,http://igineair.local/glossar/filterintegritaetstest/
1007,http://igineair.local/glossar/fgk-qm-01-zertifizierung/
1006,http://igineair.local/glossar/fachbetrieb-nach-whg/
1005,http://igineair.local/glossar/entrauchungsanlage/
1004,http://igineair.local/glossar/energetische-inspektion/
1003,http://igineair.local/glossar/din-en-15780-norm/
1002,http://igineair.local/glossar/din-en-14175-norm/
1001,http://igineair.local/glossar/digestorium/
1000,http://igineair.local/glossar/brandschutzreinigung-entfettung-grosskuechenabluftsystemen/
999,http://igineair.local/glossar/bedeutung-hygieneinspektionen-unternehmen/
998,http://igineair.local/anlagen/verdampfer-und-kondensatoren/
997,http://igineair.local/anlagen/textilschlaeuche/
996,http://igineair.local/anlagen/splitklimageraete-und-umluftkuehlgeraete/
995,http://igineair.local/anlagen/reinraumqualifizierung/
994,http://igineair.local/anlagen/rechenzentrum/
993,http://igineair.local/anlagen/raumluftdesinfektion/
992,http://igineair.local/anlagen/prozessabluft-und-entrauchungsanlagen/
991,http://igineair.local/anlagen/op-raum-pruefung/
990,http://igineair.local/anlagen/luftkanalreinigung/
989,http://igineair.local/anlagen/lueftungsreinigung/
988,http://igineair.local/anlagen/lueftungsanlagenreinigung/
987,http://igineair.local/anlagen/laborabzuege/
986,http://igineair.local/anlagen/kuehlturmreinigung/
984,http://igineair.local/anlagen/kuehlsysteme/
983,http://igineair.local/anlagen/kuehlregale/
982,http://igineair.local/anlagen/kuechenabluftsysteme/
981,http://igineair.local/rlt-hygiene/
980,http://igineair.local/reinigung-desinfektion/
979,http://igineair.local/pharma/
978,http://igineair.local/normen/
977,http://igineair.local/leistungen/
976,http://igineair.local/lecktest-schwebstofffilter/
975,http://igineair.local/lebensmittel/
974,http://igineair.local/kunden/
972,http://igineair.local/kanaluntersuchung/
971,http://igineair.local/jobs/
970,http://igineair.local/instandsetzung-sanierung/
969,http://igineair.local/inspektionundgutachten/
968,http://igineair.local/industrie/
967,http://igineair.local/impressum/
966,http://igineair.local/hygieneinspektion-vdi-6022/
965,http://igineair.local/glossar/
964,http://igineair.local/gesundheitswesen/
963,http://igineair.local/gemeinden/
962,http://igineair.local/gefaehrdungsbeurteilung-vdi-2047/
961,http://igineair.local/gastronomie/
960,http://igineair.local/filterintegritaetstest/
959,http://igineair.local/energetische-inspektion-geg-2020/
958,http://igineair.local/downloads/
957,http://igineair.local/datenschutz/
956,http://igineair.local/danke/
955,http://igineair.local/cookie-richtlinie-eu/
954,http://igineair.local/branchen/
953,http://igineair.local/anlagen/
