953	https://igienair.de/anlagen/
954	https://igienair.de/branchen/
957	https://igienair.de/datenschutz/
958	https://igienair.de/downloads/
959	https://igienair.de/energetische-inspektion-geg-2020/
960	https://igienair.de/filterintegritaetstest/
961	https://igienair.de/gastronomie/
962	https://igienair.de/glossar/gefaehrdungsbeurteilung-vdi-2047-2/
963	https://igienair.de/gemeinden/
964	https://igienair.de/gesundheitswesen/
965	https://igienair.de/glossar/
966	https://igienair.de/hygieneinspektion-vdi-6022/
967	https://igienair.de/impressum/
968	https://igienair.de/industrie/
969	https://igienair.de/inspektionundgutachten/
970	https://igienair.de/instandsetzung-sanierung/
971	https://igienair.de/jobs/
972	https://igienair.de/kanaluntersuchung/
974	https://igienair.de/kunden/
975	https://igienair.de/lebensmittel/
976	https://igienair.de/lecktest-schwebstofffilter/
977	https://igienair.de/leistungen/
978	https://igienair.de/normen/
979	https://igienair.de/pharma/
980	https://igienair.de/reinigung-desinfektion/
981	https://igienair.de/rlt-hygiene/
982	https://igienair.de/anlagen/kuechenabluftsysteme/
983	https://igienair.de/anlagen/kuehlregale/
984	https://igienair.de/anlagen/kuehlsysteme/
986	https://igienair.de/anlagen/kuehlturmreinigung/
987	https://igienair.de/anlagen/laborabzuege/
988	https://igienair.de/anlagen/lueftungsanlagenreinigung/
989	https://igienair.de/anlagen/lueftungsreinigung/
990	https://igienair.de/anlagen/luftkanalreinigung/
991	https://igienair.de/anlagen/op-raum-pruefung/
992	https://igienair.de/anlagen/prozessabluft-und-entrauchungsanlagen/
993	https://igienair.de/anlagen/raumluftdesinfektion/
994	https://igienair.de/anlagen/rechenzentrum/
995	https://igienair.de/anlagen/reinraumqualifizierung/
996	https://igienair.de/anlagen/splitklimageraete-und-umluftkuehlgeraete/
997	https://igienair.de/anlagen/textilschlaeuche/
998	https://igienair.de/anlagen/verdampfer-und-kondensatoren/
999	https://igienair.de/glossar/bedeutung-hygieneinspektionen-unternehmen/
1000	https://igienair.de/glossar/brandschutzreinigung-entfettung-grosskuechenabluftsystemen/
1001	https://igienair.de/glossar/digestorium/
1002	https://igienair.de/glossar/din-en-14175-norm/
1003	https://igienair.de/glossar/din-en-15780-norm/
1004	https://igienair.de/glossar/energetische-inspektion/
1005	https://igienair.de/glossar/entrauchungsanlage/
1006	https://igienair.de/glossar/fachbetrieb-nach-whg/
1007	https://igienair.de/glossar/fgk-qm-01-zertifizierung/
1008	https://igienair.de/glossar/filterintegritaetstest/
1009	https://igienair.de/glossar/gebaeudeenergiegesetz-geg-2020/
1010	https://igienair.de/glossar/gefaehrdungsbeurteilung-vdi-2047-2/
1011	https://igienair.de/glossar/gefaehrdungsbeurteilung-von-rlt-anlagen/
1012	https://igienair.de/glossar/hygieneinspektion-nach-vdi-6022/
1013	https://igienair.de/glossar/hygienetechnische-reinigung/
1014	https://igienair.de/glossar/inspektionspflicht-geg-2020/
1015	https://igienair.de/glossar/iso-140012015-zertifizierung/
1016	https://igienair.de/glossar/iso-14644-norm/
1017	https://igienair.de/glossar/iso-90012015-zertifizierung/
1018	https://igienair.de/glossar/kuehlregale/
1019	https://igienair.de/glossar/lecktest-schwebstofffilter/
1020	https://igienair.de/glossar/luftkanalreinigung/
1021	https://igienair.de/glossar/op-raum/
1022	https://igienair.de/glossar/prozessabluftsystem/
1023	https://igienair.de/glossar/rechenzentrum/
1024	https://igienair.de/glossar/reinigung-rechenzentrum/
1025	https://igienair.de/glossar/reinraum/
1026	https://igienair.de/glossar/rlt-anlagen/
1027	https://igienair.de/glossar/splitklimageraet/
1028	https://igienair.de/glossar/textilschlaeuche/
1029	https://igienair.de/glossar/umluftkuehlgeraet/
1030	https://igienair.de/glossar/vdi-2047-2/
1031	https://igienair.de/glossar/vdi-2052-bgr-111/
1032	https://igienair.de/glossar/vdi-6022-richtlinienreihe/
1033	https://igienair.de/glossar/verdampfer-und-kondensatoren/
1034	https://igienair.de/glossar/verdunstungskuehlanlagen/
1035	https://igienair.de/glossar/vorschriften-laborabzuege/
1036	https://igienair.de/glossar/whg-zertifizierung/
1037	https://igienair.de/jobs/mitarbeiter-technische-reinigung-gesucht/
1038	https://igienair.de/jobs/teamleiter-hygienereinigung-gesucht/
1039	https://igienair.de/gastronomie/
1040	https://igienair.de/gemeinden/
1041	https://igienair.de/gesundheitswesen/
1042	https://igienair.de/lebensmittel/
1043	https://igienair.de/pharma/
1044	https://igienair.de/kunden/referenzen/
1046	https://igienair.de/leistungen/dehs-leckpruefung-op-raum/
1047	https://igienair.de/inspektionundgutachten/
1048	https://igienair.de/instandsetzung-sanierung/
1049	https://igienair.de/leistungen/kuehlturm-entkalkung-biofilm/
1051	https://igienair.de/leistungen/kuehlturm-sanierung-fuellkoerper-duesen/
1052	https://igienair.de/leistungen/lueftungsreinigung-krankenhaus-klinik/
1054	https://igienair.de/leistungen/luftkeimmessung-rlt-anlagen/
1055	https://igienair.de/leistungen/partikelmessung-reinraum-iso-14644/
1056	https://igienair.de/reinigung-desinfektion/
1057	https://igienair.de/leistungen/rlt-reinigung-industrie/
1058	https://igienair.de/leistungen/rlt-sanierung-korrosion-2k-epoxy/
1059	https://igienair.de/leistungen/vdi-6022-pruefbericht-musterbericht/
1061	https://igienair.de/leistungen/verdunstungskuehlanlage-vdi-2047-42-bimschv/
1062	https://igienair.de/normen/din-en-14175/
1063	https://igienair.de/normen/din-en-15780/
1064	https://igienair.de/normen/vdi-2047/
1065	https://igienair.de/normen/vdi-2052-bgr-111/
1066	https://igienair.de/hygieneinspektion-vdi-6022/
1067	https://igienair.de/kunden/referenzen/baden-wuerttemberg/
1068	https://igienair.de/kunden/referenzen/bayern/
1069	https://igienair.de/kunden/referenzen/berlin/
1070	https://igienair.de/kunden/referenzen/hamburg/
1071	https://igienair.de/kunden/referenzen/hessen/
1072	https://igienair.de/kunden/referenzen/nrw/
1073	https://igienair.de/kunden/referenzen/region-bodensee/
1074	https://igienair.de/kunden/referenzen/rheinland-pfalz/
1075	https://igienair.de/kunden/referenzen/saarland/
1076	https://igienair.de/kunden/referenzen/baden-wuerttemberg/freiburg/
1077	https://igienair.de/kunden/referenzen/baden-wuerttemberg/heidelberg/
1078	https://igienair.de/kunden/referenzen/baden-wuerttemberg/karlsruhe/
1079	https://igienair.de/kunden/referenzen/baden-wuerttemberg/konstanz/
1080	https://igienair.de/kunden/referenzen/baden-wuerttemberg/mannheim/
1081	https://igienair.de/kunden/referenzen/baden-wuerttemberg/stuttgart/
1082	https://igienair.de/kunden/referenzen/baden-wuerttemberg/ulm/
1083	https://igienair.de/kunden/referenzen/bayern/augsburg/
1084	https://igienair.de/kunden/referenzen/bayern/ingolstadt/
1085	https://igienair.de/kunden/referenzen/bayern/munchen/
1086	https://igienair.de/kunden/referenzen/bayern/nurnberg/
1087	https://igienair.de/kunden/referenzen/bayern/regensburg/
1088	https://igienair.de/kunden/referenzen/berlin/bernau/
1089	https://igienair.de/kunden/referenzen/berlin/brandenburg-havel/
1090	https://igienair.de/kunden/referenzen/berlin/brandenburg/
1091	https://igienair.de/kunden/referenzen/berlin/cottbus/
1092	https://igienair.de/kunden/referenzen/berlin/eberswalde/
1093	https://igienair.de/kunden/referenzen/berlin/falkensee/
1094	https://igienair.de/kunden/referenzen/berlin/frankfurt-oder/
1095	https://igienair.de/kunden/referenzen/berlin/oranienburg/
1096	https://igienair.de/kunden/referenzen/berlin/potsdam/
1097	https://igienair.de/kunden/referenzen/hamburg/bremen/
1098	https://igienair.de/kunden/referenzen/hamburg/buxtehude/
1099	https://igienair.de/kunden/referenzen/hamburg/elmshorn/
1100	https://igienair.de/kunden/referenzen/hamburg/flensburg/
1101	https://igienair.de/kunden/referenzen/hamburg/kiel/
1102	https://igienair.de/kunden/referenzen/hamburg/luebeck/
1103	https://igienair.de/kunden/referenzen/hamburg/lueneburg/
1104	https://igienair.de/kunden/referenzen/hamburg/munster/
1105	https://igienair.de/kunden/referenzen/hamburg/neumuenster/
1106	https://igienair.de/kunden/referenzen/hamburg/norderstedt/
1107	https://igienair.de/kunden/referenzen/hamburg/stade/
1108	https://igienair.de/kunden/referenzen/hessen/darmstadt/
1109	https://igienair.de/kunden/referenzen/hessen/frankfurt/
1110	https://igienair.de/kunden/referenzen/hessen/giessen/
1111	https://igienair.de/kunden/referenzen/hessen/kassel/
1112	https://igienair.de/kunden/referenzen/hessen/wiesbaden/
1113	https://igienair.de/kunden/referenzen/nrw/bonn/
1114	https://igienair.de/kunden/referenzen/nrw/duesseldorf/
1115	https://igienair.de/kunden/referenzen/nrw/duisburg/
1116	https://igienair.de/kunden/referenzen/nrw/koeln/
1117	https://igienair.de/kunden/referenzen/nrw/wuppertal/
1118	https://igienair.de/kunden/referenzen/region-bodensee/biberach-an-der-riss/
1119	https://igienair.de/kunden/referenzen/region-bodensee/friedrichshafen/
1120	https://igienair.de/kunden/referenzen/region-bodensee/memmingen/
1121	https://igienair.de/kunden/referenzen/region-bodensee/ravensburg/
1122	https://igienair.de/kunden/referenzen/region-bodensee/sigmaringen/
1123	https://igienair.de/kunden/referenzen/region-bodensee/singen/
1124	https://igienair.de/kunden/referenzen/region-bodensee/tuttlingen/
1125	https://igienair.de/kunden/referenzen/rheinland-pfalz/bitburg/
1126	https://igienair.de/kunden/referenzen/rheinland-pfalz/kaiserslautern/
1127	https://igienair.de/kunden/referenzen/rheinland-pfalz/koblenz/
1128	https://igienair.de/kunden/referenzen/rheinland-pfalz/ludwigshafen/
1129	https://igienair.de/kunden/referenzen/rheinland-pfalz/mainz/
1130	https://igienair.de/kunden/referenzen/rheinland-pfalz/trier/
1131	https://igienair.de/kunden/referenzen/rheinland-pfalz/wittlich/
1132	https://igienair.de/kunden/referenzen/saarland/homburg/
1133	https://igienair.de/kunden/referenzen/saarland/merzig/
1134	https://igienair.de/kunden/referenzen/saarland/saarbrucken/
1152	https://igienair.de/
1158	https://igienair.de/kontakt/
1167	https://igienair.de/unternehmen/
1224	https://igienair.de/kontakt/angebot-anfordern/
1249	https://igienair.de/unternehmen/agb/
1250	https://igienair.de/unternehmen/nachhaltigkeit/
1251	https://igienair.de/unternehmen/news/
1252	https://igienair.de/unternehmen/qualitaet/
1253	https://igienair.de/unternehmen/sicherheit/
1254	https://igienair.de/unternehmen/umweltschutz/
1261	https://igienair.de/unternehmen/zertifizierungen/
1271	https://igienair.de/unternehmen/news/hygieneinspektion-vdi-6022-ablauf-maengel/
1272	https://igienair.de/unternehmen/news/luftkanalreinigung-wann-notwendig-vorteile/
1273	https://igienair.de/unternehmen/news/rlt-anlagen-reinigen-kosten-risiken/
1274	https://igienair.de/unternehmen/news/vdi-2047-2-bimschv-verdunstungskuehlanlagen/
1275	https://igienair.de/unternehmen/news/vdi-6022-betreiber-rlt-anlagen/
